Station ID,City,State,Start Date,End Date,,JAN,,FEB,,MAR,,APR,,MAY,,JUN,,JUL,,AUG,,SEP,,OCT,,NOV,,DEC,,ANN
,,,,,M,A,M,A,M,A,M,A,M,A,M,A,M,A,M,A,M,A,M,A,M,A,M,A,M,A
13876,BIRMINGHAM,AL,1948,2018,81,60,80,56,80,52,83,50,85,53,85,56,87,58,88,57,87,56,86,52,83,55,82,60,84,55
3856,HUNTSVILLE,AL,1958,2018,81,64,81,60,80,55,82,51,85,54,87,55,89,59,90,57,89,56,87,52,84,57,82,63,85,57
13894,MOBILE,AL,1948,2018,83,60,84,58,85,54,88,53,88,54,88,57,90,61,91,60,90,59,87,53,85,56,85,61,87,57
13895,MONTGOMERY,AL,1948,2018,83,59,82,56,83,52,87,51,87,53,88,55,90,58,91,56,90,55,89,51,87,53,84,59,87,55
26451,ANCHORAGE,AK,1953,2018,75,74,75,69,70,57,68,54,64,50,69,57,75,63,79,65,81,65,79,67,78,74,78,77,74,64
25308,ANNETTE,AK,1948,2017,82,77,81,73,79,69,77,67,76,65,79,68,82,71,84,73,87,75,85,78,83,78,83,80,82,73
27502,BARROW,AK,1948,2018,73,73,72,72,72,72,79,77,88,84,89,85,89,84,92,86,91,87,86,85,80,80,74,74,82,80
26615,BETHEL,AK,1948,2018,79,78,78,75,81,75,84,72,81,62,82,61,88,69,92,74,92,71,89,77,84,82,80,79,84,73
26533,BETTLES,AK,1945,2018,72,70,71,66,69,59,66,57,63,49,62,47,72,55,81,61,81,63,81,73,76,74,73,73,72,62
26415,BIG DELTA,AK,1948,2018,68,67,70,63,67,53,59,44,53,38,61,45,69,52,73,53,75,56,79,69,74,72,71,71,68,57
25624,COLD BAY,AK,1955,2018,86,83,86,82,85,78,86,77,86,76,88,78,92,82,92,83,89,79,85,77,85,81,85,83,87,80
26411,FAIRBANKS,AK,1948,2018,73,73,72,67,70,53,62,45,54,37,62,44,71,51,79,56,80,56,81,68,77,75,74,75,72,58
26425,GULKANA,AK,1948,2018,75,74,75,69,71,53,65,46,59,40,62,43,71,50,76,52,79,54,82,67,79,78,77,77,73,59
25507,HOMER,AK,1948,2018,80,76,79,71,76,66,75,64,72,64,75,67,80,72,83,72,84,70,82,69,79,74,80,77,79,70
25309,JUNEAU,AK,1948,2018,84,80,85,76,82,67,80,63,78,61,80,65,84,72,87,74,91,79,90,80,87,82,86,84,84,74
25503,KING SALMON,AK,1949,2018,80,77,79,72,79,66,78,61,75,56,79,59,85,65,88,68,88,67,86,69,84,78,80,78,82,68
25501,KODIAK,AK,1945,2018,80,76,80,74,77,68,75,69,77,72,80,76,83,77,82,74,82,73,80,69,78,72,78,75,79,73
26616,KOTZEBUE,AK,1945,2018,74,74,75,74,75,72,79,76,83,79,83,78,83,77,85,77,83,73,83,77,78,78,76,76,80,76
26510,MCGRATH,AK,1948,2018,75,73,75,66,74,53,70,49,65,44,68,48,77,57,85,62,86,62,84,71,80,76,77,76,76,61
26617,NOME,AK,1945,2018,75,75,75,73,75,71,78,74,78,74,77,74,83,79,85,79,82,72,81,72,78,76,76,76,78,74
25713,ST. PAUL ISLAND,AK,1949,2018,84,84,86,85,86,82,88,83,91,83,94,84,96,90,95,90,91,84,85,79,82,80,83,82,88,84
26528,TALKEETNA,AK,1948,2018,72,68,73,63,70,54,68,50,66,48,72,53,80,61,86,65,87,64,82,66,76,70,75,72,75,61
26442,VALDEZ,AK,1967,2013,74,72,76,70,74,64,74,61,76,62,80,65,85,72,87,72,88,73,80,70,76,71,76,74,79,69
25339,YAKUTAT,AK,1948,2017,86,83,86,77,84,69,82,69,79,70,82,73,86,78,89,78,91,78,90,77,87,81,87,86,86,77
3103,FLAGSTAFF,AZ,1950,2018,70,52,69,46,66,40,60,31,56,27,47,20,63,39,72,45,68,38,65,37,66,45,68,52,64,39
23183,PHOENIX,AZ,1948,2018,60,33,56,28,50,23,39,16,32,13,28,12,42,21,47,24,44,22,46,23,51,27,59,34,46,23
23160,TUCSON,AZ,1948,2018,56,31,53,26,47,21,37,15,30,12,29,13,52,29,58,32,51,27,46,24,49,27,56,34,47,24
23194,WINSLOW,AZ,1948,2018,68,46,61,33,51,24,43,19,37,16,31,13,49,26,56,30,52,26,52,27,58,33,66,46,52,28
13964,FORT SMITH,AR,1948,2018,81,61,80,58,79,53,82,51,88,57,88,57,89,54,89,53,89,54,87,52,83,55,82,61,85,56
13963,LITTLE ROCK,AR,1948,2018,80,61,80,58,79,56,82,55,87,58,87,56,87,56,88,55,87,55,86,53,83,57,81,61,84,57
23155,BAKERSFIELD,CA,1948,2018,80,61,75,50,69,42,62,33,54,26,47,23,45,22,48,23,51,27,58,34,71,49,78,60,62,38
23157,BISHOP,CA,1948,2018,51,36,50,28,40,20,34,17,34,16,30,13,31,15,30,14,31,15,36,19,44,27,50,36,38,21
23225,BLUE CANYON,CA,1948,2018,56,62,60,63,63,63,59,57,52,50,43,40,38,33,36,31,39,36,49,50,54,60,58,64,51,51
93193,FRESNO,CA,1949,2018,88,67,85,55,81,45,74,35,65,27,59,23,55,21,60,22,65,26,71,34,82,53,88,67,73,40
23129,LONG BEACH,CA,1949,2018,72,54,74,55,75,55,75,52,77,55,79,57,79,55,78,54,78,55,75,55,72,53,71,54,75,54
93134,LOS ANGELES,CA,1999,2018,52,49,54,52,57,53,56,52,63,57,65,60,65,59,63,57,60,56,57,56,51,51,52,51,58,54
24257,REDDING,CA,1986,2018,77,60,71,50,68,46,63,38,57,31,49,24,46,18,46,18,48,21,57,32,73,53,76,60,61,38
23232,SACRAMENTO,CA,1947,2018,87,69,84,59,81,52,77,44,75,37,71,32,71,29,72,30,71,31,74,39,82,57,86,69,78,45
23188,SAN DIEGO,CA,1948,2018,69,58,71,59,73,60,73,60,76,64,79,67,80,67,80,67,79,66,74,64,68,60,67,59,74,63
23272,SAN FRANCISCO,CA,1945,2018,87,66,87,70,86,71,86,68,88,72,86,64,91,71,90,71,87,62,86,66,83,67,88,73,87,69
23190,SANTA BARBARA,CA,1948,2018,72,58,73,59,74,60,75,60,78,62,83,64,84,66,83,66,80,65,76,64,71,58,73,60,77,62
23273,SANTA MARIA,CA,1954,2018,72,61,75,63,75,64,74,61,77,62,79,62,78,63,80,64,77,64,71,63,69,62,70,60,75,62
23237,STOCKTON,CA,1948,2018,86,71,83,59,78,52,71,41,65,34,62,29,60,27,62,29,63,31,68,38,80,59,85,70,72,45
23061,ALAMOSA,CO,1948,2018,74,58,72,49,65,37,63,29,63,28,65,26,74,37,76,39,72,34,68,35,70,47,72,59,69,40
93037,COLORADO SPRINGS,CO,1948,2018,54,47,56,42,57,38,58,36,62,38,60,34,62,40,64,42,60,37,55,38,54,45,53,48,58,40
3017,DENVER,CO,1995,2018,53,54,53,50,49,39,51,41,55,43,49,37,46,35,47,37,47,37,49,44,48,50,53,55,50,43
23066,GRAND JUNCTION,CO,1948,2018,75,64,69,50,58,35,52,27,47,24,38,18,43,21,48,24,48,26,54,34,65,48,74,62,56,36
93058,PUEBLO,CO,1954,2018,64,49,64,41,60,34,59,30,62,32,61,29,63,32,66,35,62,32,61,34,65,44,64,50,63,37
94702,BRIDGEPORT,CT,1948,2018,72,60,72,58,71,56,70,54,75,59,77,60,77,59,79,60,80,60,78,58,76,59,74,61,75,59
14740,HARTFORD,CT,1949,2018,73,57,73,54,71,50,69,45,73,48,76,52,78,51,82,53,85,54,83,53,79,55,77,59,76,53
13781,WILMINGTON,DE,1948,2018,75,59,74,56,73,52,72,50,76,54,77,54,78,54,82,56,84,56,84,55,80,56,77,59,78,55
93738,WASHINGTON DULLES,DC,1962,2018,75,56,75,53,75,50,74,48,80,54,81,54,82,54,85,54,87,55,86,53,81,53,78,57,80,53
13743,WASHINGTON NAT'L,DC,1941,2018,71,55,70,52,69,49,69,48,74,52,75,53,76,53,79,54,81,55,80,54,75,53,72,56,74,53
12834,DAYTONA BEACH,FL,1948,2018,87,58,87,56,86,54,84,53,83,56,86,63,88,64,89,66,89,67,86,62,87,60,88,60,87,60
12835,FORT MYERS,FL,1948,2018,89,55,88,53,87,50,85,47,84,49,87,58,88,61,89,61,91,62,89,57,89,55,90,57,88,55
12816,GAINESVILLE,FL,1984,2018,88,56,88,53,88,50,87,48,86,48,88,58,90,61,92,63,92,62,90,57,91,57,90,58,89,56
13889,JACKSONVILLE,FL,1948,2018,87,57,87,54,87,50,86,48,85,51,87,58,89,59,91,61,92,63,91,59,90,57,89,59,88,56
12836,KEY WEST,FL,1948,2018,82,69,81,68,79,66,76,64,76,66,78,69,76,67,77,67,80,70,81,69,82,69,83,70,79,68
12839,MIAMI,FL,1948,2018,84,59,83,57,80,55,78,55,79,58,82,65,81,63,83,64,86,66,84,63,83,61,83,60,82,61
12815,ORLANDO,FL,1952,2018,87,55,87,53,87,50,85,47,85,49,88,58,90,59,91,61,91,61,88,57,89,56,88,57,88,55
13899,PENSACOLA,FL,1948,2018,82,61,83,59,83,58,86,57,86,58,86,60,88,64,90,64,87,61,84,55,84,57,83,62,85,60
93805,TALLAHASSEE,FL,1948,2018,86,56,86,53,87,49,87,47,87,48,89,55,91,61,92,61,91,58,89,52,88,53,87,57,88,54
12842,TAMPA,FL,1948,2018,86,58,86,56,84,54,83,51,82,52,84,60,85,63,88,64,89,62,87,57,86,56,86,59,86,58
12843,VERO BEACH,FL,1949,2018,88,59,88,57,83,55,81,55,80,59,83,65,85,66,87,66,88,67,84,63,86,61,88,61,85,61
12844,WEST PALM BEACH,FL,1948,2018,84,59,84,57,81,55,78,55,79,59,83,65,83,64,84,64,86,66,83,62,83,60,83,60,82,61
13873,ATHENS,GA,1955,2018,80,56,79,53,80,51,81,49,85,53,85,55,88,57,90,58,90,58,89,53,85,53,82,57,85,54
13874,ATLANTA,GA,1945,2018,79,58,77,55,77,52,78,49,81,52,82,55,86,58,87,58,86,57,84,53,81,54,80,59,81,55
3820,AUGUSTA,GA,1949,2018,83,53,83,50,83,48,84,46,84,48,85,52,87,54,90,56,90,55,90,50,88,49,85,53,86,51
93842,COLUMBUS,GA,1948,2018,82,57,82,54,83,50,84,47,83,49,84,52,88,56,89,55,87,55,87,51,85,52,84,57,85,53
3813,MACON,GA,1948,2018,83,55,84,52,84,50,85,47,85,48,85,52,88,55,91,55,91,55,89,50,87,50,85,55,86,52
3822,SAVANNAH,GA,1950,2018,83,54,83,51,83,49,83,47,84,51,86,55,87,57,90,60,90,60,88,54,87,52,84,55,86,54
21504,HILO,HI,1949,2018,78,66,79,65,81,66,82,67,81,67,81,66,83,67,83,69,81,67,82,69,83,71,81,69,81,67
22521,HONOLULU,HI,1949,2018,79,61,77,59,76,58,73,56,70,54,69,53,70,53,71,52,73,54,74,57,76,59,78,61,74,56
22516,KAHULUI,HI,1958,2018,81,61,80,60,80,60,77,59,75,57,73,56,74,56,74,56,75,56,77,58,79,61,80,62,77,58
22536,LIHUE,HI,1950,2018,80,66,80,66,79,66,77,67,76,66,76,66,77,66,77,66,77,65,78,67,80,69,80,68,78,66
24131,BOISE,ID,1948,2018,79,70,76,58,69,43,65,36,63,33,60,28,49,20,47,22,53,28,62,38,73,59,79,70,64,42
24149,LEWISTON,ID,1948,2018,79,71,77,61,72,50,70,42,69,39,66,36,54,24,52,24,61,31,74,48,80,67,80,73,69,47
24156,POCATELLO,ID,1948,2018,79,73,78,65,73,51,66,39,66,36,64,31,56,23,55,22,59,28,66,40,75,61,80,74,68,45
94846,CHICAGO,IL,1958,2018,78,68,78,65,79,60,76,54,77,54,78,55,81,55,85,57,85,56,82,57,80,63,80,70,80,60
14923,MOLINE,IL,1948,2018,77,68,78,65,79,59,78,53,80,53,82,55,85,57,89,59,87,55,82,54,79,62,80,69,81,59
14842,PEORIA,IL,1948,2018,80,70,81,66,81,60,78,54,80,56,82,57,86,58,89,60,87,56,84,56,82,64,83,71,83,61
94822,ROCKFORD,IL,1951,2018,80,71,81,67,81,61,79,53,80,54,82,55,86,56,90,58,89,56,85,56,83,65,83,72,83,60
93822,SPRINGFIELD,IL,1948,2018,80,69,81,67,81,61,79,55,81,54,83,55,86,58,90,59,88,53,84,54,81,63,82,70,83,60
93817,EVANSVILLE,IN,1948,2018,79,67,79,64,79,59,79,54,83,55,83,55,86,57,88,56,89,54,85,53,81,60,81,68,83,58
14827,FORT WAYNE,IN,1948,2018,82,72,82,69,81,62,78,55,77,54,79,54,82,55,87,57,87,55,85,56,83,66,84,74,82,61
93819,INDIANAPOLIS,IN,1948,2018,81,70,81,66,79,59,77,55,79,56,80,56,83,58,86,58,86,55,85,55,83,63,83,71,82,60
14848,SOUTH BEND,IN,1948,2018,82,73,82,69,80,61,76,54,76,54,78,55,81,56,86,58,86,56,84,58,82,66,83,74,81,61
14933,DES MOINES,IA,1945,2018,78,68,79,66,79,60,77,54,79,55,81,57,84,58,86,59,85,57,80,55,79,62,80,70,81,60
94908,DUBUQUE,IA,1951,2018,80,71,80,68,80,63,78,56,80,57,83,60,87,61,89,62,88,60,83,58,82,65,83,73,83,63
14943,SIOUX CITY,IA,1948,2018,78,69,80,67,81,62,79,52,80,53,83,56,87,59,89,61,87,56,82,54,81,62,81,70,82,60
94910,WATERLOO,IA,1949,2018,79,71,81,69,83,64,82,55,82,55,85,56,88,59,91,60,90,57,84,57,83,65,83,73,84,62
13984,CONCORDIA,KS,1948,2018,78,63,79,61,79,55,80,54,84,57,85,54,83,52,85,55,84,54,80,52,80,59,80,64,81,57
13985,DODGE CITY,KS,1948,2018,76,57,77,55,76,50,76,46,82,50,80,47,78,45,80,47,79,47,76,46,76,50,76,56,78,50
23065,GOODLAND,KS,1948,2018,70,61,72,56,71,48,71,43,76,47,74,42,73,40,75,42,71,42,68,47,69,58,70,62,72,49
13996,TOPEKA,KS,1948,2018,78,63,78,60,79,55,80,53,85,57,86,58,86,58,87,57,88,55,83,53,80,57,80,63,82,58
3928,WICHITA,KS,1954,2018,79,61,79,59,77,54,79,53,84,57,84,53,80,50,81,51,82,53,80,53,79,57,80,62,80,55
3889,JACKSON,KY,1981,2018,77,63,75,59,72,53,70,48,81,57,84,61,88,64,89,62,87,59,82,55,75,55,78,64,80,58
93820,LEXINGTON,KY,1948,2018,81,68,80,63,77,57,75,54,79,56,81,57,83,58,85,57,85,55,83,55,80,60,82,67,81,59
93821,LOUISVILLE,KY,1948,2018,78,64,77,60,75,55,74,50,79,54,80,55,81,56,84,55,85,54,83,53,79,58,79,64,79,56
3816,PADUCAH,KY,1949,2018,80,66,80,62,79,57,80,53,85,56,86,56,88,58,90,56,90,53,86,52,81,57,82,65,84,58
13970,BATON ROUGE,LA,1948,2018,85,62,85,60,86,56,89,55,91,56,92,59,92,62,93,61,92,59,90,54,88,57,86,62,89,59
3937,LAKE CHARLES,LA,1961,2018,87,66,87,64,89,61,90,60,92,61,92,62,93,63,93,62,92,61,90,56,89,60,88,65,90,62
12916,NEW ORLEANS,LA,1948,2018,84,65,84,63,84,60,87,59,88,59,89,63,90,65,91,65,88,64,87,59,86,61,85,65,87,62
13957,SHREVEPORT,LA,1948,2018,83,62,83,60,83,56,87,56,90,58,90,58,90,56,90,54,89,55,88,54,87,58,85,62,87,58
14607,CARIBOU,ME,1948,2018,76,66,76,62,75,59,74,55,73,52,77,56,81,58,84,59,86,60,85,62,84,70,81,71,79,61
14764,PORTLAND,ME,1948,2018,75,59,74,57,73,57,71,54,74,58,77,61,79,60,82,59,84,61,83,59,81,61,78,61,78,59
93721,BALTIMORE,MD,1949,2018,73,56,72,53,71,50,71,48,76,53,77,52,78,52,82,55,84,55,83,54,78,54,75,57,77,53
14753,BLUE HILL,MA,1998,2018,75,60,71,52,72,53,69,49,74,55,80,61,81,59,82,59,84,62,82,59,78,59,75,60,77,57
14739,BOSTON,MA,1945,2018,69,58,68,56,68,56,67,55,70,58,72,58,72,56,76,58,78,59,76,57,74,58,70,58,72,57
94746,WORCESTER,MA,1949,2018,73,61,73,58,71,55,68,49,70,52,74,57,76,57,79,58,81,60,79,57,77,60,76,63,75,57
94849,ALPENA,MI,1959,2018,82,71,81,65,82,60,78,53,76,52,80,54,83,54,88,58,90,60,87,62,84,68,83,73,83,61
94847,DETROIT,MI,1958,2018,80,69,79,64,78,58,75,53,76,53,77,54,80,53,84,56,86,56,84,57,81,64,81,70,80,59
14826,FLINT,MI,1948,2018,81,72,80,67,80,61,77,54,76,53,78,55,82,54,87,57,88,57,85,59,82,66,82,72,82,61
94860,GRAND RAPIDS,MI,1963,2018,82,73,81,68,80,61,77,55,77,53,80,55,82,55,87,58,88,59,85,61,82,68,83,74,82,62
94814,HOUGHTON LAKE,MI,1964,2018,84,73,83,67,83,60,79,53,76,50,80,54,84,54,89,58,91,61,88,64,86,71,85,76,84,62
14836,LANSING,MI,1948,2018,83,73,82,68,82,62,78,56,77,54,79,55,83,55,88,58,89,59,86,60,84,67,84,74,83,62
14840,MUSKEGON,MI,1948,2018,81,75,80,70,79,63,76,56,75,55,79,58,82,58,87,61,87,61,83,63,80,69,81,75,81,64
14847,SAULT STE. MARIE,MI,1948,2018,80,73,80,69,80,64,78,58,77,54,83,60,87,61,90,63,91,65,88,67,85,74,83,76,84,65
14913,DULUTH,MN,1948,2018,78,70,78,66,79,63,77,56,77,54,82,60,86,60,89,62,88,64,84,63,82,70,81,74,82,63
14918,INTERNATIONAL FALLS,MN,1948,2018,76,70,76,64,77,59,77,51,78,50,84,57,89,58,92,60,91,63,86,64,84,72,81,75,83,62
14922,MINNEAPOLIS-ST.PAUL,MN,1945,2018,77,68,77,65,77,61,74,51,75,51,79,54,81,54,84,56,84,58,80,58,80,65,79,71,79,59
14925,ROCHESTER,MN,1948,2018,81,74,81,72,82,68,80,57,80,56,83,58,87,60,89,62,88,60,83,59,83,69,83,76,83,64
14926,SAINT CLOUD,MN,1948,2018,79,70,79,67,81,63,80,51,80,50,85,55,88,55,91,58,90,58,85,58,83,67,82,72,84,60
3940,JACKSON,MS,1963,2018,85,62,86,59,86,55,89,54,91,55,91,56,93,58,93,57,93,56,92,53,89,57,87,62,90,57
13865,MERIDIAN,MS,1948,2018,87,60,87,57,88,53,91,51,92,54,92,55,93,58,93,56,92,55,92,52,89,54,88,60,90,55
93862,TUPELO,MS,1983,2018,81,62,82,59,81,54,84,52,87,55,88,56,89,57,91,55,90,54,89,53,85,57,83,63,86,57
3945,COLUMBIA,MO,1969,2018,80,66,80,63,79,58,79,55,85,60,87,60,88,58,89,58,88,57,85,57,81,62,82,68,84,60
3947,KANSAS CITY,MO,1972,2018,78,64,78,62,78,57,77,56,83,59,85,60,85,59,86,59,86,58,81,56,79,61,79,65,81,60
13994,ST. LOUIS,MO,1945,2018,79,65,79,62,78,57,76,53,80,55,81,55,82,55,85,55,85,54,82,54,79,59,80,66,81,58
13995,SPRINGFIELD,MO,1948,2018,79,63,79,60,79,57,79,55,85,60,87,60,87,57,88,55,87,56,83,55,80,59,80,64,83,58
24033,BILLINGS,MT,1948,2018,64,58,64,53,66,48,65,43,66,43,66,40,58,31,56,30,60,37,61,45,63,54,63,57,63,45
94008,GLASGOW,MT,1955,2018,77,75,79,73,77,59,69,42,68,40,70,41,66,33,62,31,66,38,70,49,76,66,78,75,72,52
24143,GREAT FALLS,MT,1948,2018,65,61,66,56,66,50,65,42,66,41,67,41,60,30,58,29,62,37,61,46,62,56,64,61,63,46
94012,HAVRE,MT,1961,2018,74,70,75,66,73,55,68,41,67,39,68,39,63,31,60,30,66,37,68,48,72,64,73,70,69,49
24144,HELENA,MT,1948,2018,71,64,71,56,68,47,66,40,67,39,67,39,61,29,61,29,66,35,69,45,71,58,72,66,67,46
24146,KALISPELL,MT,1948,2018,81,77,80,68,76,55,72,44,73,43,77,45,74,35,72,34,75,42,80,56,81,73,83,80,77,54
24153,MISSOULA,MT,1948,2018,84,76,82,66,78,52,74,42,75,42,76,42,68,29,67,29,74,37,80,51,83,71,85,79,77,51
14935,GRAND ISLAND,NE,1948,2018,78,64,80,62,80,57,79,51,83,54,83,52,84,54,86,55,84,51,80,49,79,56,79,63,81,56
14939,LINCOLN,NE,1948,2018,79,65,80,64,80,58,79,52,83,55,83,54,84,54,87,56,85,53,81,52,80,57,80,64,82,57
14941,NORFOLK,NE,1948,2018,77,64,79,64,81,59,79,50,81,51,83,53,85,54,87,56,84,52,80,50,79,58,79,66,81,56
24023,NORTH PLATTE,NE,1948,2018,80,61,81,59,82,53,81,48,85,52,85,52,85,51,87,52,84,48,83,47,82,53,81,59,83,53
14942,OMAHA,NE,1948,2018,79,66,80,64,79,58,77,52,81,54,83,56,85,57,87,59,86,56,81,54,80,60,80,67,81,59
24028,SCOTTSBLUFF,NE,1948,2018,70,59,71,52,70,45,70,42,74,44,73,41,73,38,74,40,72,40,70,44,70,54,71,60,72,47
24032,VALENTINE,NE,1976,2018,76,61,78,59,79,53,78,48,80,47,81,48,81,45,83,46,79,44,78,46,77,52,76,59,79,51
24121,ELKO,NV,1948,2018,77,62,75,54,71,42,66,33,64,30,58,24,48,18,47,18,52,21,61,29,71,49,76,63,64,37
23154,ELY,NV,1953,2018,71,57,71,51,66,41,62,34,60,30,50,22,46,21,49,22,52,23,58,32,65,46,69,56,60,36
23169,LAS VEGAS,NV,1948,2018,52,32,48,27,40,21,32,16,28,13,21,10,27,15,31,17,30,16,34,19,43,26,50,32,36,20
23185,RENO,NV,1949,2018,75,51,71,41,64,33,60,28,59,26,56,21,54,18,55,18,59,21,64,27,70,40,74,51,63,31
24128,WINNEMUCCA,NV,1949,2018,76,59,73,48,67,37,62,30,58,27,52,21,40,15,40,16,47,20,58,29,70,47,76,60,60,34
14745,CONCORD,NH,1948,2018,76,58,76,54,75,52,73,45,74,47,78,51,81,51,85,52,88,54,86,53,83,58,80,61,80,53
93730,ATLANTIC CITY,NJ,1958,2018,77,58,77,55,75,53,74,51,77,55,79,56,81,57,84,58,86,58,86,56,82,56,79,59,80,56
14734,NEWARK,NJ,1948,2018,72,57,70,53,68,50,65,47,69,51,70,51,71,51,75,52,77,54,77,52,75,54,73,57,72,53
23050,ALBUQUERQUE,NM,1948,2018,62,40,58,32,49,24,43,19,42,19,40,17,54,28,59,30,55,29,55,30,57,34,63,43,53,29
23051,CLAYTON,NM,1948,2018,58,47,59,42,57,36,57,33,62,35,62,34,67,40,68,43,65,42,58,42,57,47,57,52,61,41
23009,ROSWELL,NM,1949,2018,62,41,58,33,50,25,46,22,51,23,55,24,61,31,64,34,65,38,62,37,60,39,62,43,58,32
14735,ALBANY,NY,1945,2018,77,63,76,59,75,54,71,48,73,51,76,54,79,54,84,56,87,57,85,57,81,61,79,65,79,57
4725,BINGHAMTON,NY,1948,2018,80,70,79,65,78,61,75,55,78,55,82,59,84,58,88,59,89,63,85,61,82,67,82,72,82,62
14733,BUFFALO,NY,1946,2018,79,72,79,69,79,64,75,57,74,55,77,57,78,55,82,57,83,59,81,60,79,67,80,71,79,62
4781,ISLIP,NY,1974,2018,74,59,73,56,72,55,70,52,73,57,76,59,76,59,79,60,82,61,81,58,78,58,75,59,76,58
94728,NEW YORK Central Park,,1965,2018,67,56,65,53,65,50,64,47,71,53,73,56,73,54,75,55,77,57,75,55,71,56,68,58,70,54
94789,NEW YORK JFK AP,NY,1948,2018,71,59,70,57,69,55,69,54,72,58,74,60,74,58,76,59,78,59,77,57,75,58,72,59,73,58
14732,NEW YORK Laguardia AP,,1948,2018,67,57,66,54,66,52,66,50,70,52,71,53,71,52,74,54,75,56,73,55,70,56,68,58,70,54
14768,ROCHESTER,NY,1948,2018,79,69,80,67,79,62,76,55,76,53,78,55,81,54,85,56,87,59,85,60,81,66,81,71,80,61
14771,SYRACUSE,NY,1945,2018,78,68,78,65,78,60,74,53,75,53,77,55,78,55,83,56,85,59,84,59,80,65,79,70,79,60
3812,ASHEVILLE,NC,1948,2018,83,57,82,54,82,51,82,48,88,54,90,57,92,60,94,60,94,59,91,54,86,53,84,57,87,55
93729,CAPE HATTERAS,NC,1957,2018,79,67,79,65,78,63,77,61,80,66,81,68,84,70,84,69,82,68,80,65,81,65,80,67,81,66
13881,CHARLOTTE,NC,1948,2018,78,54,76,51,76,49,76,46,80,51,81,53,84,55,87,56,87,56,86,52,83,51,79,54,81,52
13723,GREENSBORO-WNSTN-SALM-,,1948,2018,78,54,76,51,76,49,75,46,80,53,82,54,85,57,88,58,88,58,86,53,81,51,79,54,81,53
13722,RALEIGH,NC,1948,2018,79,53,78,51,78,48,78,46,83,53,84,54,86,56,89,58,90,57,89,53,84,51,81,54,83,53
13748,WILMINGTON,NC,1948,2018,81,56,81,53,81,52,79,49,82,55,83,59,85,62,88,64,89,62,88,56,85,54,83,56,84,56
24011,BISMARCK,ND,1948,2018,77,71,79,69,82,64,80,50,80,49,84,53,85,49,85,48,83,50,80,53,81,65,80,71,81,58
14914,FARGO,ND,1948,2018,76,72,78,72,82,69,79,55,76,50,82,56,86,55,87,55,85,56,80,59,81,69,79,74,81,62
14916,GRAND FORKS,ND,1948,2018,77,74,80,74,83,71,82,57,80,51,84,56,88,56,90,55,88,56,83,59,83,71,81,76,83,63
94014,WILLISTON,ND,1962,2018,80,74,82,72,83,64,80,50,79,48,82,50,82,46,80,45,81,49,80,55,82,68,81,74,81,58
14895,AKRON,OH,1948,2018,81,70,80,67,79,61,76,54,77,55,80,56,82,56,86,57,87,58,84,58,81,64,81,71,81,60
93814,CINCINNATI,OH,1948,2018,80,68,79,64,77,58,75,53,79,55,81,56,84,57,86,56,87,55,84,55,80,61,81,68,81,59
14820,CLEVELAND,OH,1948,2018,79,70,79,67,78,62,75,56,76,56,77,57,80,56,83,58,83,58,80,59,78,64,79,70,79,61
14821,COLUMBUS,OH,1948,2018,78,68,78,64,76,57,75,52,78,53,79,54,82,55,85,55,86,55,83,55,80,61,80,68,80,58
93815,DAYTON,OH,1948,2018,80,70,80,66,79,60,76,54,77,55,79,55,82,55,85,55,86,54,83,55,81,63,82,71,81,60
14891,MANSFIELD,OH,1948,2018,83,73,82,70,81,64,77,57,78,56,80,58,82,57,86,59,87,59,84,58,82,66,84,74,82,63
94830,TOLEDO,OH,1955,2018,81,70,81,66,80,59,78,53,78,52,80,53,83,54,89,57,89,56,85,56,83,65,83,72,83,59
14852,YOUNGSTOWN,OH,1948,2018,81,71,80,67,79,62,76,55,78,54,81,56,84,56,87,57,88,59,85,59,81,65,82,72,82,61
13967,OKLAHOMA CITY,OK,1945,2018,78,59,78,57,76,53,78,52,84,58,85,57,82,51,82,50,83,54,80,53,79,54,78,58,80,55
13968,TULSA,OK,1948,2018,78,60,77,57,76,53,78,52,85,58,85,58,82,54,83,53,85,55,82,53,79,55,78,59,81,56
94224,ASTORIA,OR,1949,2018,86,79,85,74,86,72,86,70,87,70,87,71,87,70,88,71,87,71,88,74,86,79,86,81,86,74
94185,BURNS,OR,1980,2018,83,75,79,66,71,48,64,38,61,35,58,29,47,21,44,19,50,24,62,38,75,63,82,76,65,44
24221,EUGENE,OR,1948,2018,90,81,89,73,88,65,86,59,85,56,83,50,79,38,80,38,82,43,88,62,91,79,91,84,86,61
24225,MEDFORD,OR,1948,2018,90,71,86,57,83,50,79,43,77,39,73,33,67,25,67,26,72,29,82,44,89,67,91,76,80,47
24155,PENDLETON,OR,1938,2018,81,76,78,66,71,51,68,43,66,38,62,33,50,23,50,25,58,32,69,48,78,70,81,78,68,48
24229,PORTLAND,OR,1948,2018,84,76,84,66,83,60,82,55,80,53,79,50,77,44,78,44,82,48,86,62,86,74,85,78,82,59
24232,SALEM,OR,1948,2018,87,77,87,69,85,62,84,56,83,53,82,49,80,39,80,39,82,44,87,61,88,77,88,81,84,59
24235,SEXTON SUMMIT,OR,1948,2018,76,74,78,73,82,72,80,64,74,57,71,52,64,42,63,43,61,47,69,64,77,75,78,77,73,62
14737,ALLENTOWN,PA,1948,2018,76,61,75,57,74,52,72,49,76,52,78,54,80,53,84,55,87,56,86,55,81,58,78,62,79,55
14860,ERIE,PA,1948,2018,78,72,78,71,77,67,74,61,74,61,76,63,77,63,80,63,80,63,77,63,75,66,77,71,77,65
14711,MIDDLETOWN/HARRISBURG,,1949,2018,74,60,74,57,72,54,71,50,74,53,75,53,76,53,81,55,83,57,83,56,79,58,76,62,77,56
13739,PHILADELPHIA,PA,1941,2018,73,58,72,54,71,51,70,48,74,52,75,52,77,52,80,54,82,54,81,54,77,55,74,58,76,54
94823,PITTSBURGH,PA,1952,2018,77,66,76,62,76,56,72,50,76,52,79,53,82,54,85,55,86,56,83,55,78,60,78,66,79,57
14777,AVOCA,PA,1949,2018,76,65,75,61,73,56,71,50,75,52,80,55,81,54,84,57,86,59,84,57,79,62,78,66,78,58
14778,WILLIAMSPORT,PA,1948,2018,76,61,76,57,75,52,74,48,79,51,82,54,85,54,88,56,90,58,87,57,81,60,78,63,81,56
14765,PROVIDENCE,RI,1948,2018,71,57,71,54,70,52,69,49,72,54,75,56,76,56,79,56,82,57,80,55,77,56,74,58,75,55
13883,COLUMBIA,SC,1948,2018,82,52,82,49,82,47,81,43,82,47,83,50,86,52,89,54,89,54,89,50,87,49,84,52,84,50
3870,GREENVILLE-SPARTANBURG,,1962,2018,76,53,75,50,75,49,76,47,81,52,82,53,85,55,87,57,87,57,85,52,81,51,78,55,81,53
14929,ABERDEEN,SD,1948,2018,78,72,80,71,83,67,82,53,81,51,85,56,87,54,89,54,86,53,82,55,82,66,81,73,83,61
14936,HURON,SD,1940,2018,79,70,81,70,84,65,83,54,84,54,86,57,87,53,89,54,86,53,82,54,82,64,81,71,84,60
24090,RAPID CITY,SD,1950,2018,67,64,69,62,70,55,69,48,71,49,72,50,68,42,66,39,63,41,63,49,65,60,67,65,68,52
14944,SIOUX FALLS,SD,1948,2018,77,69,80,67,81,64,80,53,81,53,83,56,85,55,87,57,85,55,81,55,81,62,80,70,82,60
13877,BRISTOL-JHNSN CTY-KNGS,,1948,2018,82,62,81,58,80,52,80,49,86,53,87,56,90,59,92,58,91,55,90,52,85,55,83,62,86,56
13882,CHATTANOOGA,TN,1948,2018,81,60,81,56,81,52,82,48,86,53,87,55,88,56,89,56,90,56,89,53,85,56,83,60,85,55
13891,KNOXVILLE,TN,1948,2018,81,63,80,59,79,54,80,51,84,55,85,57,87,59,90,58,90,57,89,54,85,57,83,63,84,57
13893,MEMPHIS,TN,1948,2018,77,62,77,58,75,55,78,53,81,56,82,56,84,57,84,56,85,55,82,52,79,56,78,61,80,56
13897,NASHVILLE,TN,1948,2018,80,64,80,59,79,54,80,51,85,55,86,55,87,56,89,55,89,55,86,53,82,57,81,63,84,56
13962,ABILENE,TX,1948,2018,72,52,73,52,70,47,73,46,80,51,80,50,74,46,74,45,78,50,76,50,74,50,72,51,75,49
23047,AMARILLO,TX,1948,2018,70,49,72,49,69,41,69,38,76,43,77,44,75,42,78,45,78,46,74,44,71,44,71,48,73,44
13958,AUSTIN,TX,1948,2018,79,59,80,59,80,56,83,56,87,59,89,55,88,50,86,49,85,53,84,54,82,57,79,58,83,55
12919,BROWNSVILLE,TX,1948,2018,88,65,89,63,88,60,89,59,90,60,91,59,92,55,92,55,92,61,90,59,88,60,87,64,90,60
12924,CORPUS CHRISTI,TX,1948,2018,86,66,87,64,87,61,89,62,92,64,93,62,93,57,92,56,91,61,89,59,86,60,85,63,89,61
13960,DALLAS,TX,1948,2018,76,58,77,57,75,53,79,55,82,56,81,53,77,49,75,48,80,52,80,52,78,54,76,57,78,54
22010,DEL RIO,TX,1951,2018,76,55,74,52,73,49,76,51,81,55,81,54,78,50,77,50,82,54,81,56,79,56,77,54,78,53
23044,EL PASO,TX,1948,2018,58,34,50,27,41,20,35,16,35,16,39,18,56,29,59,31,58,31,55,30,54,31,58,37,50,27
12923,GALVESTON,TX,1948,1962,85,74,86,75,83,71,85,72,83,70,82,69,82,68,82,67,82,67,80,64,81,66,83,71,83,69
12960,HOUSTON,TX,1969,2018,85,62,86,61,87,59,89,57,91,58,92,59,93,57,93,56,92,58,90,56,89,59,87,62,89,59
23042,LUBBOCK,TX,1948,2018,72,48,72,47,68,40,68,37,75,42,77,44,74,46,77,48,80,51,78,46,74,45,72,47,74,45
23023,MIDLAND-ODESSA,TX,1948,2018,71,46,71,44,66,36,66,34,73,37,75,41,72,42,73,42,78,48,77,45,74,43,72,45,72,42
12917,PORT ARTHUR,TX,1948,2018,87,67,88,64,88,62,90,62,91,62,92,63,94,64,94,63,92,62,91,58,89,61,88,66,90,63
23034,SAN ANGELO,TX,1948,2018,75,51,75,50,72,44,74,43,80,48,80,48,77,43,77,44,82,51,81,51,78,49,76,50,77,48
12921,SAN ANTONIO,TX,1948,2018,79,57,80,57,80,55,83,56,87,59,87,56,87,52,86,50,85,54,84,54,81,55,79,56,83,55
12912,VICTORIA,TX,1953,2018,87,64,87,62,88,59,89,59,92,60,93,59,93,56,93,55,92,59,91,56,88,59,87,62,90,59
13959,WACO,TX,1948,2018,82,62,83,61,82,57,84,57,88,59,87,54,83,48,82,47,85,52,84,54,83,57,82,60,84,56
13966,WICHITA FALLS,TX,1948,2018,77,54,78,54,77,49,78,48,84,53,83,50,77,45,77,44,82,50,81,50,79,51,78,54,79,50
24127,SALT LAKE CITY,UT,1948,2018,78,70,74,60,66,46,62,39,60,33,53,25,47,21,48,23,55,29,63,42,71,60,77,72,63,43
14742,BURLINGTON,VT,1948,2018,74,64,73,61,74,57,72,51,71,51,75,54,77,53,81,55,83,59,81,60,77,64,77,67,76,58
13733,LYNCHBURG,VA,1948,2018,74,53,73,50,72,48,72,45,80,53,81,54,84,56,87,57,87,57,85,52,79,51,76,54,79,52
13737,NORFOLK,VA,1948,2018,74,58,74,56,73,54,73,51,76,57,78,57,80,59,83,61,82,61,81,59,79,57,76,59,78,57
13740,RICHMOND,VA,1948,2018,78,55,78,51,76,48,75,46,79,52,80,53,83,55,87,57,88,56,88,53,83,51,80,55,81,53
13741,ROANOKE,VA,1948,2018,70,52,69,50,69,47,70,45,77,51,79,53,81,53,85,55,86,55,82,51,75,50,72,53,76,51
93739,WALLOPS ISLAND,VA,1966,2018,77,62,76,60,75,60,75,59,78,64,80,65,82,66,84,66,84,65,83,61,80,60,78,62,79,62
24227,OLYMPIA,WA,1948,2018,91,81,90,71,88,63,86,57,85,53,86,53,85,48,86,49,88,54,91,69,91,81,91,85,88,64
94240,QUILLAYUTE,WA,1966,2018,90,84,88,76,89,74,88,69,88,68,89,69,89,67,89,68,89,69,90,77,91,84,90,86,89,74
24233,SEATTLE,WA,1948,2018,83,76,81,69,82,64,82,58,81,54,80,53,79,48,81,50,84,56,86,69,84,76,83,79,82,63
24157,SPOKANE,WA,1948,2018,86,80,84,70,79,55,73,43,71,40,69,37,59,26,57,27,65,34,77,51,86,76,87,83,74,52
24160,WALLA WALLA,WA,1948,2000,81,77,79,67,74,52,71,43,72,42,68,35,56,25,57,28,61,33,73,50,80,72,82,79,71,50
24243,YAKIMA,WA,1948,2018,83,72,79,58,72,42,66,34,64,31,63,30,61,25,63,27,69,32,75,44,81,64,84,76,72,45
3872,BECKLEY,WV,1963,2018,79,66,78,63,77,57,73,51,80,55,84,60,88,62,89,62,89,62,85,57,79,59,79,65,82,60
13866,CHARLESTON,WV,1949,2018,78,62,77,59,76,53,75,47,83,52,86,55,89,58,92,58,92,56,88,54,81,55,79,62,83,56
13729,ELKINS,WV,1948,2018,80,64,81,61,82,55,81,50,86,54,90,58,92,60,94,60,94,59,90,54,84,58,82,65,86,58
3860,HUNTINGTON,WV,1961,2018,78,64,77,60,76,54,75,48,84,54,86,57,89,59,91,59,91,58,87,54,80,57,79,64,83,57
14898,GREEN BAY,WI,1949,2018,78,70,79,68,81,65,79,57,79,55,82,58,86,58,90,61,90,61,86,61,82,67,81,72,83,63
14920,LA CROSSE,WI,1948,2018,78,68,79,65,80,60,78,52,79,52,83,55,87,57,90,59,89,60,83,58,81,65,81,71,82,60
14837,MADISON,WI,1948,2018,79,69,80,66,81,61,80,53,80,54,82,56,85,56,89,59,90,58,85,58,83,65,82,71,83,60
14839,MILWAUKEE,WI,1948,2018,76,68,77,66,78,63,77,59,77,60,79,60,81,60,85,62,84,61,81,60,79,65,79,70,79,63
24089,CASPER,WY,1950,2018,65,61,67,58,67,48,69,43,71,40,66,32,61,26,58,25,60,31,62,43,64,56,65,62,65,44
24018,CHEYENNE,WY,1948,2018,55,51,59,50,61,46,64,44,68,46,65,41,63,38,63,39,60,39,58,43,57,51,56,53,61,45
24021,LANDER,WY,1948,2018,67,60,66,55,62,45,61,40,62,38,56,31,49,27,49,26,54,32,60,42,65,56,67,62,60,43
24029,SHERIDAN,WY,1948,2018,69,66,71,62,70,53,70,47,72,48,73,46,65,34,62,32,65,40,67,50,70,64,70,67,69,51
41415,GUAM,PC,1968,2018,81,74,78,72,77,70,79,71,80,72,80,73,85,78,87,80,87,80,87,79,83,78,80,77,82,75
40309,KOROR,PC,1951,2017,79,76,79,74,77,73,77,74,78,77,80,78,80,78,79,77,78,76,78,76,78,77,79,77,79,76
40604,KWAJALEIN- MARSHALL IS,,1952,2018,80,72,80,71,80,71,82,74,84,76,84,77,85,77,84,77,84,76,84,76,84,77,81,75,83,75
40710,MAJURO- MARSHALL IS,PC,1955,2018,79,76,79,75,80,76,82,78,82,78,83,79,83,78,82,77,82,77,81,77,82,78,81,77,81,77
61705,PAGO PAGO- AMER SAMOA,,1966,2018,87,76,88,76,88,75,88,77,87,77,85,77,84,75,84,75,84,75,84,77,85,77,85,76,86,76
40504,POHNPEI- CAROLINE IS.,,1951,2018,82,78,81,77,83,78,85,80,87,81,88,81,89,80,90,80,90,80,89,81,89,81,85,80,87,80
40505,CHUUK- E. CAROLINE IS.,,1951,2018,80,77,80,76,81,76,82,78,84,79,85,79,85,78,86,78,85,78,85,78,84,78,82,79,83,78
40308,YAP- W CAROLINE IS.,PC,1951,2018,83,77,82,76,82,75,84,76,85,77,86,79,87,79,85,79,86,79,86,80,86,80,85,80,85,78
11641,SAN JUAN,PR,1955,2018,81,65,79,63,76,61,75,63,77,67,77,66,78,67,79,68,79,68,79,68,80,68,81,67,78,66